case_id;expected_answer;predicted_answer
case_001;5000.00;None
case_001;Effortless Profits;Effortless Profits
case_001;Additional Investment;Additional Investment
case_001;A copy of his government-issued ID;A copy of your government-issued ID
case_001;Life-changing profits!;Life-changing profits!
case_001;1250.00;$1,250.00
case_001;To ensure the security of his funds;Unusual activity was detected on the account.
case_001;Unusual investment platform;Unusual investment platform
case_001;Email;Email
case_001;Limited spots available;Limited spots available
case_002;5000 EUR;None
case_002;Belize;Belize
case_002;Unusual activity on the account;Unusual activity
case_002;To unlock funds;To unlock your funds.
case_002;A copy of your passport;Passport
case_002;None;None
case_002;High-risk jurisdiction;None
case_002;1000 EUR;1000
case_002;Your profits are growing exponentially!;Your profits are growing exponentially!
case_002;david.okoro.investments@gmail.com;david.okoro.investments@gmail.com
case_003;A large credit to an overseas account with unusual activity.;Credit
case_003;5000 EUR;None
case_003;Account restrictions;Potential investment fraud
case_003;Daily Expert Trading Signals;Daily Expert Trading Signals
case_003;They are difficult to find and very lengthy.;The terms and conditions are difficult to find and very lengthy.
case_003;12,500 EUR;EUR 12,500
case_003;Information;Information
case_003;2023-08-15;2023-08-15
case_003;BTC;None
case_003;BZ;None
case_004;To utilize a proprietary artificial intelligence algorithm to analyze market trends and execute trades.;To analyze market trends and execute trades with unparalleled precision.
case_004;Innovative investment strategies.;None
case_004;Belize City, Belize;Belize City, Belize
case_004;Binance;Binance
case_004;$3500;$3500
case_004;Potential investment fraud / Unusual transfer to offshore account / Funds transferred to cryptocurrency exchange after initial investment.;"Possible fraud; Account Activity Suspended and Potential investment fraud. Unusual transfer to offshore account."
case_004;Trading privileges have been temporarily suspended.;Trading privileges have been temporarily suspended.
case_004;$50000.00;50000.00
case_004;Binance;Canadian Risk Bank
case_004;https://secure.quantumleap.ai/login;https://secure.quantumleap.ai/login
case_005;To revolutionize investment strategy by using AI algorithms to analyze market trends and identify profitable opportunities.;To revolutionize investment strategy.
case_005;Log in to their account and start deploying automated trading strategies.;Log in to your account and start deploying our automated trading strategies.
case_005;Unusual volume of transfers to overseas accounts with a focus on cryptocurrency platforms.;Unusual volume of transfers to overseas accounts with a focus on cryptocurrency platforms.
case_005;A copy of his government-issued identification, proof of address (utility bill), and a screenshot of his cryptocurrency wallet.;Copy of your government-issued identification, proof of address (utility bill), and screenshot of your cryptocurrency wallet.
case_005;+€2,500.00 (today).;+€2,500.00 (today)
case_005;Global Digital Assets LLC;US9876543210
case_005;Transferring funds to AlphaTrade AI.;Initiating transfers
case_005;A FREE consultation with AI Trading Experts.;A FREE consultation with AI Trading Experts
case_005;The customer attempted withdrawal and the request was denied, prompting a follow-up report.;Customer attempted withdrawal and request was denied, prompting a follow-up report.
case_005;"Potential fraudulent activity and unauthorized transfers; the account may be compromised.";Customer reports fraudulent activity and unauthorized transfers. Attempted withdrawal denied. Account may be compromised.
case_006;€5000;€5000
case_006;€500;€500
case_006;To complete the verification process;None
case_006;Unusual investment destination, High transaction amount for individual;"Unusual investment destination
High transaction amount for individual"
case_006;Reinvesting your profits;Reinvesting your profits
case_006;€16,500;None
case_006;Request denied due to verification issues;Request denied due to verification issues
case_006;2023-11-15;2023-11-20
case_006;To complete the verification process;To complete the verification process
case_006;First Mercantile Bank;First Mercantile Bank
case_007;Highlighting high-yield returns and an AI-powered trading system.;Telegram groups
case_007;Musterstrasse 1, 10115 Berlin;Musterstrasse 1, 10115 Berlin
case_007;5000 EUR;5000.00
case_007;A 15% daily profit;15% daily profit
case_007;Email and text files;txt
case_007;Investment in Crypto Innovations;The AI-powered system identifies and exploits market inefficiencies, generating exceptional returns for investors.
case_007;Modern, sleek design with a dark blue and white color scheme.;The website features a modern, sleek design with a dark blue and white color scheme.
case_007;Crypto Innovations;Crypto Innovations
case_007;To encourage Hans Baumann to make an additional investment.;To share an important update about Hans's investment in Crypto Innovations.
case_007;He expressed concerns regarding investment returns and doubts about the legitimacy of the scheme.;He's starting to feel unsure about this.
case_008;€5,000;€5,000
case_008;Risk-Free Returns;Risk-Free Returns
case_008;2023-12-18;2023-12-18
case_008;BTC, €5000;BTC, €5000
case_008;Increase his investment;increasing your investment
case_008;@DavidMillerAI;@DavidMillerAI
case_008;Sleek, modern design with a predominantly blue and white color scheme. Rotating banner showcasing graphs trending upwards and testimonials. Prominent text proclaiming 'Unlock the Future of Investing with AI.' Call-to-action button encouraging visitors to 'Get Started Now.';"The website has a sleek, modern design with a predominantly blue and white color scheme. It features a rotating banner with upward-trending graphs and testimonials, large bold text proclaiming ""Unlock the Future of Investing with AI,"" a section detailing ""cutting-edge AI technology"" and promises ""risk-free returns,"" and a call-to-action button that encourages visitors to ""Get Started Now."""
case_008;Pending;Withdawal denied
case_008;Deutsche Bank, AI Trading Platform;Crypto Exchange (Unknown), AI Trading Platform
case_008;A FREE consultation with our expert investment team;A FREE consultation with our expert investment team
case_009;To analyze market trends and execute trades with unparalleled precision, generating exceptional returns.;AIX Capital analyzes market trends and executes trades with unparalleled precision, generating exceptional returns.
case_009;5000.00;10000.00
case_009;Unusual investment destination and lack of transparency regarding the platform's operations.;Unusual investment destination and lack of transparency regarding the platform's operations.
case_009;Reported pressure from a platform representative.;Pressured by platform representative.
case_009;High returns, automated trading, a user-friendly interface, and 24/7 support.;High Returns, Automated Trading, User-Friendly Interface, and 24/7 Support
case_009;Funds unavailable. Platform unresponsive.;Attempted withdrawal failed, platform unresponsive, and mounting concerns about platform legitimacy.
case_009;The cryptocurrency market.;cryptocurrency market
case_009;Simulated performance. Results not guaranteed.;Simulated Performance. Results not guaranteed.
case_009;Incoming Transfer of 1000.00, AIX Capital Investment of -5000.00, Interest Earned of 1.23, Utility Bill of -150.00, Restaurant of -50.00, Interest Earned of 1.23, Online Purchase of -25.00, AIX Capital Investment of -10000.00, Interest Earned of 1.23, Withdrawal Attempt - Declined of -7500.00;"1. Incoming Transfer of 1000.00 on January 15th, 2023.
2. AIX Capital Investment of -5000.00 on January 20th, 2023.
3. Interest Earned of 1.23 on February 1st, 2023.
4. Grocery Store expense of -75.00 on February 15th, 2023.
5. Utility Bill expense of -150.00 on March 1st, 2023.
6. Restaurant expense of -50.00 on March 10th, 2023.
7. Interest Earned of 1.23 on April 1st, 2023.
8. Online Purchase expense of -25.00 on April 15th, 2023.
9. AIX Capital Investment of -10000.00 on May 1st, 2023.
10. Interest Earned of 1.23 on June 1st, 2023.
11. Withdrawal Attempt of -7500.00 on July 12th, 2023."
case_009;David Miller, AIX Capital, First National Bank;AIX Capital Team
case_010;Investment;Test Withdrawal, Investment
case_010;5000.00;5000.00
case_010;15-20%;15-20%
case_010;Multiple large deposits to a foreign account with limited public information.;None
case_010;info@ai-trading-pro.com;info@ai-trading-pro.com
case_010;Test Withdrawal;Test Withdrawal
case_010;Global Investments Ltd.;The Global Investments Ltd. Support Team
case_010;Low Risk, High Reward;Low Risk, High Reward
case_010;AI Trading Pro, Global Investments Ltd.;Hans Baumann
case_010;05-01-2024;2024-01-05
case_011;5000.00 EUR;None
case_011;Potential for High Returns;Risk-Free Investment
case_011;Deutsche Bank;Deutsche Bank
case_011;2500.00 EUR;€5000
case_011;Transaction fees and regulatory compliance;Recent market volatility
case_011;A graph of fluctuating lines, an account balance of €7500.00, a 'Withdraw Funds' button, and a note about an unlocking fee.;"A graph displaying fluctuating lines, an ""Account Balance"" of €7500.00, a ""Withdraw Funds"" button, and a note about a withdrawal fee."
case_011;Belize Bank International Limited;Deutsche Bank
case_011;Uses cutting-edge artificial intelligence to analyze market trends.;Proven AI Technology
case_011;Initial investment of 5000 EUR, additional investment of 2500 EUR, request for 2500 EUR to unlock profits, request for 5000 EUR to cover transaction fees and regulatory compliance.;None
case_011;markus.richter@email.de;markus.richter@email.de
case_012;Aetherium Alpha;Aetherium Alpha
case_012;€5,000;None
case_012;GB22NWBK20701724542814;GB22NWBK20701724542814
case_012;Technical Issue Fee;Technical Issue Fee
case_012;AI-Powered Trading;AI-Powered Trading
case_012;Unusual Transaction;Unusual Transaction
case_012;modern, clean design with a dark blue and white color scheme;professional, trustworthy
case_012;Potential investment fraud - overseas transfer to unknown entity;Potential investment fraud - overseas transfer to unknown entity
case_012;DE78123456781234567890;DE78123456781234567890
case_012;Limited spots available, act fast!;There are limited spots available, and you must act fast to secure your spot.
case_013;Online investment platform deposit;Online investment platform deposit
case_013;15%;15%
case_013;5000.00;5000.00
case_013;Exclusive Access to Advanced Strategies;Personalized Trading Plans
case_013;To allow Klaus to provide documentation to avoid permanent account closure;https://profit-horizon.com/verification
case_013;Recent regulatory changes and a review of customer accounts;Recent regulatory changes and a review of customer accounts
case_013;Profit Horizon Ltd and Klaus Breitling;Klaus Breitling, Profit Horizon Ltd, Globex Bank
case_013;A community of users promoting the platform and reinforcing its legitimacy;It indicates a community of users promoting the platform and reinforcing its legitimacy.
case_013;Restaurant Dinner;Grocery Shopping
case_013;Suspicious investment activity;Police report filed regarding suspicious investment activity
case_014;18%;18%
case_014;More detail on the minimum investment required and the typical withdrawal process.;He requested more detail on the minimum investment required and the typical withdrawal process.
case_014;1234567890;1234567890
case_014;5000.00 EUR;5000.00
case_014;2000 EUR;€2,000
case_014;Legitimate and trustworthy, designed to instill confidence in potential users.;The overall impression is one of legitimacy and trustworthiness, designed to instill confidence in potential users.
case_014;Consistent profits while users sleep;Consistent profits
case_014;Lack of clear explanation for denial;"Attempted withdrawal denied; potential investment fraud; lack of clear explanation for denial."
case_014;Sterling Bank Nigeria Limited;Sterling Bank Nigeria Limited
case_014;Global Assets Team, NovaTrade AG;None
case_015;To leverage artificial intelligence to identify and capitalize on lucrative trading opportunities in the global markets.;To identify and capitalize on lucrative trading opportunities in the global markets.
case_015;5000 AUD;None
case_015;First Central Bank (Cyprus);First Central Bank (Cyprus)
case_015;A security verification process requiring account verification through a questionnaire and documentation submission.;A security verification process.
case_015;A 237% return in the last 30 days.;A 237% return in the last 30 days.
case_015;Small profit withdrawal;Withdrawal
case_015;A 10% bonus on the first investment.;10% Bonus on Your First Investment
case_015;85000 AUD;None
case_015;David.Miller@example.com.au, Phoenix Rise Investments Ltd;David.Miller@example.com.au, Phoenix Rise Investments Ltd, First Central Bank (Cyprus)
case_015;Automated trading, handling the trading while investors reap the rewards.;Phoenix Rise AI leverages artificial intelligence to identify and capitalize on lucrative trading opportunities in the global markets.
case_016;Incredibly high potential returns in the Forex market.;Incredibly high potential returns
case_016;2500 EUR;2500
case_016;Initial deposit exceeding typical investment amounts for a new client.;None
case_016;30%;30%
case_016;Discrepancies in account activity that require further investigation.;Discrepancies in account activity that require further investigation.
case_016;DE89370400440532013000;UB12345
case_016;It shows the Global Investments login page, including fields for username and password and the login URL.;It displays the Global Investments login page.
case_016;-50.00 EUR;-55.00
case_016;Client alleges fraudulent activity, withdrawal denial triggered investigation.;Client reported scam, funds not released.
case_016;Global Investments;None
case_017;Generate consistent profits, even in volatile markets.;It leverages cutting-edge algorithms to generate consistent profits, even in volatile markets.
case_017;Ongoing maintenance and security upgrades to our processing systems.;Ongoing maintenance and security upgrades to our processing systems.
case_017;United Arab Emirates;United Arab Emirates
case_017;60000.00;60000.00
case_017;Simulated Results – Not Representative of Actual Trading Performance;Simulated Results – Not Representative of Actual Trading Performance
case_017;A copy of his passport or driver's license.;A copy of his passport or driver's license.
case_017;AI-Powered Precision: Our cutting-edge algorithms analyze market trends 24/7.;AI-Powered Precision
case_017;7-10 business days;7-10 business days
case_017;Inability to withdraw funds and unresponsive support.;Customer believes they have been the victim of investment fraud after being unable to withdraw funds and after receiving unsatisfactory communication from the company. Evidence suggests the platform may be operating without proper authorization.
case_017;The laws of the United Arab Emirates.;The laws of the United Arab Emirates.
case_018;To identify and capitalize on market opportunities, generating returns for members.;To identify and capitalize on market opportunities.
case_018;5000.00;None
case_018;Serbia;None
case_018;Real results;REAL results
case_018;Regulatory requirements and security protocols;It is standard practice in the industry.
case_018;500;$500
case_018;Sleek, modern design with a dark blue and white color scheme, a rotating carousel of testimonials, charts and graphs demonstrating returns, and a 'Join Now' button.;The website has a sleek, modern design with a dark blue and white color scheme. A large banner displays the tagline 'Unlock the Power of AI Trading'. Below the banner is a rotating carousel showcasing testimonials, and charts and graphs demonstrating impressive returns are prominently displayed. A 'Join Now' button is in the upper right corner, and the footer contains links to 'About Us', 'FAQ', and 'Contact Us' pages.
case_018;No complicated strategies to learn!;SIMPLE – No complicated strategies to learn!
case_018;Debit, Credit;Debit, Credit
case_018;2023-09-22, 2023-10-12, 2023-10-18;2023-09-22, 2023-10-12, 2023-10-18
case_019;Analyst;Analyst
case_019;€5,000;€5,000
case_019;An unexpected technical issue;An unexpected technical issue
case_019;AI-Powered Precision;AI-Powered Precision
case_019;Oliver Baumann, Innovative Trading AI;Oliver Baumann and Innovative Trading AI
case_019;€2,350;€2,350
case_019;Investment;Investment
case_019;2023-12-05, 2024-01-05;2023-12-05, 2024-01-05
case_019;Join a select group of investors;Join a select group of investors who are benefiting from the power of AI.
case_019;Victim unable to withdraw funds. Communication ceased abruptly.;Potential investment fraud scheme.
case_020;Delivering consistent profits regardless of market conditions.;Consistent profits regardless of market conditions.
case_020;High;High
case_020;5000.00 AUD;$5,000
case_020;GB21NWBK202040082800;GB21NWBK202040082800
case_020;Double their initial investment;Risk-Free Demo Account
case_020;Sleek, modern design with a dark background and futuristic graphics.;The website has a sleek, modern design with a dark background and futuristic graphics.
case_020;13,500.00 AUD;$13,500.00 AUD
case_020;Increased security measures and high transaction volume;Increased security measures and high transaction volume.
case_020;Blocked;None
case_020;Apex Global Investments Ltd;Apex Global Investments Ltd
case_021;Athena;Athena
case_021;5000.00 EUR;None
case_021;10-15%;10-15%
case_021;High;High
case_021;A complimentary strategy session with one of our senior AI analysts;a complimentary strategy session with one of our senior AI analysts
case_021;Failed Withdrawal Attempt - AI Trading Solutions;Failed Withdrawal Attempt - AI Trading Solutions
case_021;https://www.aitradingsolutions.net/success;https://www.aitradingsolutions.net/register
case_021;98.7%;Athena Performance: 98.7%
case_021;It analyzes market trends and executes trades with unparalleled precision.;It has consistently outperformed the market, delivering exceptional gains.
case_021;AI Trading Solutions;AI Trading Solutions
case_022;6000.00 EUR;6000.00
case_022;Withdrawal request denied - verification failed;None
case_022;Experience significantly higher returns than traditional investments.;Effortless Trading
case_022;A copy of your government-issued identification and a recent utility bill.;A copy of his government-issued identification and a recent utility bill.
case_022;Alpha Beta Bank (Cyprus);None
case_022;A sleek, modern design, testimonials, and recent 'trading results' with charts and graphs illustrating exponential growth.;User success stories and recent trading results.
case_022;Don't worry, these things happen. Just keep following the instructions from support, and it will be sorted quickly.;Don't worry, these things happen. Just keep following the instructions from support, and it will be sorted quickly. They’re just verifying your account.
case_022;Suspicious Activity Report;Suspicious Activity Report
case_022;An ongoing security review;An ongoing security review
case_022;CY001234567890;None
case_023;25% per month;25% per month
case_023;Unsolicited contact, high yield promise;None
case_023;5000 EUR;5000
case_023;10000 EUR;€10,000
case_023;2023-09-28 14:35 GMT+2;2023-09-28 14:35 GMT+2
case_023;Belgium;None
case_023;Increasing deposit amounts;unsolicited contact, high yield promise
case_023;Investigation of a failed withdrawal attempt;He requested an investigation into a failed withdrawal of €10,000.
case_023;Telegram;Email
case_023;AI Elite Trading, -10000 EUR;AI Elite Trading, -10000
case_024;50000.00 EUR;None
case_024;EUR/USD and GBP/JPY;EUR/USD and GBP/JPY
case_024;A €50,000 bonus for a €50,000 deposit.;Deposit €50,000 and receive a €50,000 bonus!
case_024;Belize;Belize
case_024;Delayed withdrawal, customer expressing concerns about account activity.;Delayed withdrawal, customer expressing concerns about account activity.
case_024;To help everyone achieve financial freedom through Forex trading.;To help everyone achieve financial freedom through Forex trading.
case_024;250.00 EUR;250.00
case_024;BTC;None
case_024;Cutting-edge tools, expert guidance, and a secure trading environment.;To empower everyone to achieve financial freedom through Forex trading.
case_024;Forex Prime Global: Where Financial Dreams Come True;Forex Prime Global: Where Financial Dreams Come True
case_025;7500.00;7500.00
case_025;24/7 Market Monitoring;Automated Trading
case_025;12.3%;12.3%
case_025;£25,000;£25,000
case_025;GB29NWBK40341320492372;GB29NWBK40341320492372
case_025;2023-03-10;2023-03-10
case_025;Ponzi scheme or fraudulent investment operation;Ponzi scheme or fraudulent investment operation
case_025;Seychelles;Seychelles
case_025;To inform the customer about a positive account performance and suggest reinvesting profits.;To encourage reinvesting a portion of the profits.
case_025;Global Investments Ltd., AlphaTrade AI;David Miller, Global Investments Ltd
case_026;Effortless Trading;Maximize your profits with minimal effort.
case_026;€500;None
case_026;€15500.00;None
case_026;UNIBNGLA;UNIBNGLA
case_026;Small returns following substantial initial investments.;Small returns following substantial initial investments.
case_026;United Kingdom;United Kingdom
case_026;Withdrawal Request Denied;Withdrawal Request Denied
case_026;AI trading indicator;AI trading
case_026;Support;Support
case_026;€250.00;250.00
case_027;Exceeding 30% per annum;30%
case_027;To transform your financial future.;To start experiencing the power of AI-driven trading.
case_027;789456123;789456123
case_027;Nigeria;Nigeria
case_027;DEUTDEFFXXX;DEUTDEFFXXX
case_027;Credit;Credit
case_027;If deemed necessary;if deemed necessary
case_027;+€2,500.00;+€2,500.00
case_027;The laws of the British Virgin Islands;The laws of the British Virgin Islands.
case_027;20000;20000
case_028;ApexTrade;ApexTrade
case_028;Up to 35% per month;47.5%
case_028;Investment;Investment
case_028;$5,000.00;$5,000.00
case_028;+1-800-555-GROW;None
case_028;Lagos, Nigeria;Lagos, Nigeria.
case_028;$12,375.00;$12,375.00
case_028;Routine maintenance;Routine maintenance
case_028;Seemed overly enthusiastic / appeared anxious to further invest, despite limited understanding of investment;Customer seemed overly enthusiastic about the investment opportunity and appeared anxious to further invest, despite limited understanding of investment.
case_028;www.globalcapitalventures.com;None
case_029;Low spreads & commissions;Expert Guidance
case_029;Demo account;None
case_029;€15,000;€15,000
case_029;Large, unexplained deposits into an account linked to a potential Forex scam;Account activity inconsistent with stated investment goals.
case_029;GFV123456789;GFV123456789
case_029;A special bonus to new clients who register and make their first deposit;A special bonus for registering and making a first deposit.
case_029;Belize;Belize
case_029;Potential Profit: +1200 EUR;Potential Profit: +1200 EUR
case_029;Transfer to Global Forex Ventures, €30000;None
case_029;To verify his identity immediately;Verification of identity
case_030;$5,000;$5,000
case_030;Potential investment fraud. Unusually high returns promised. Destination country is high risk.;Potential investment fraud. Unusually high returns promised. Destination country is high risk.
case_030;BG88UNCR7000140000001;BG88UNCR7000140000001
case_030;Withdrawal Request Denial;Withdrawal Request
case_030;Automated Trading: No experience needed.;High-Potential Returns: Up to 30% monthly.
case_030;Not mentioned in the case files;None
case_030;$15,000;None
case_030;To verify his information by clicking on a link.;To verify his information by clicking on a link.
case_030;Branch Teller;Branch Teller
case_030;-150.00;-150.00
case_031;A limited-time opportunity with exceptional returns.;A limited-time opportunity
case_031;15-20%.;15-20%
case_031;Funds Transfer.;Funds Transfer
case_031;GB29NWBK20200830294159;GB29NWBK20200830294159
case_031;Investment in a largely unregulated sector;None
case_031;2023-11-15;2023-11-15
case_031;A bonus.;a bonus
case_031;Due to increased demand, we are temporarily suspending withdrawals to process all pending requests.;Increased demand
case_031;'Withdraw Funds'.;Withdraw Funds
case_031;15000;€15000
case_032;15000.00 EUR;None
case_032;Utilizes cutting-edge artificial intelligence to identify and execute profitable trades, 24/7.;Identifying and executing profitable trades.
case_032;13 - Other;None
case_032;€250;€250
case_032;"Unusually large transfer to overseas account; recipient flagged as potentially high-risk.";"Unusually large transfer to overseas account; recipient flagged as potentially high-risk."
case_032;24-48 hours;24-48 hours
case_032;10000.00 EUR;None
case_032;"Victim reported concerns about withdrawal; potential scam activity.";"Victim reported concerns about withdrawal; potential scam activity."
case_032;1.0 BTC;1.  2 BTC
case_032;Testimonials suggest users have experienced significant returns, such as doubling their money in one month.;None
case_033;Athena;Athena
case_033;8%;None
case_033;Belize;Belize
case_033;5000 EUR and 10000 EUR;5000 and 10000
case_033;Minimizes human error and emotional decision-making, reducing overall risk.;AI minimizes human error and emotional decision-making, reducing overall risk.
case_033;It has exceeded expectations and is achieving financial freedom.;AI FX Capital has exceeded expectations.
case_033;The transaction failed.;The transaction failed.
case_033;Attempted withdrawal;Attempted withdrawal - failed
case_033;+12.7%;+12.7%
case_033;AI FX Capital, Global Finance Ltd.;Hans Meier, AI FX Capital, Deutsche Bank, Global Finance Ltd., Belize
case_034;Recovering funds lost due to fraudulent cryptocurrency schemes.;Recovering funds lost due to fraudulent schemes.
case_034;Details regarding the initial scam and the amount lost.;A copy of any transaction records or communication related to the initial scam.
case_034;$5,000 USD;$5,000 USD
case_034;Account Number: 0078901234;0078901234
case_034;Recovery Progress: 65%;Recovery Progress: 65%
case_034;Yes, 2000 EUR.;None
case_034;"Multiple transactions to the same recipient account with suspicious descriptions; potential indication of fraud; customer has reported concerns about the legitimacy of the recipient.";Multiple transactions to same recipient account with suspicious descriptions.
case_034;24-48 hours;24-48 hours
case_034;To assess the case and determine the feasibility of recovery.;To inform about a temporary suspension of the fund recovery process.
case_034;Experienced Recovery Specialists;Experienced Recovery Specialists
case_035;€5,000;€5,000
case_035;1968-05-20;1968-05-20
case_035;Sparkasse Bank;Sparkasse Bank
case_035;Potential investment fraud - unusually high promised returns;Potential investment fraud - unusually high promised returns
case_035;Customer filed a fraud complaint regarding unauthorized investment scheme;Customer filed a fraud complaint regarding unauthorized investment scheme
case_035;+2200.00;2706.25
case_035;To complete verification of his identity and investment details.;None
case_035;Advanced algorithms and machine learning;advanced algorithms and machine learning
case_035;Past performance is not indicative of future results;Past performance is not indicative of future results.
case_035;Global Investments Ltd.;Global Investments Ltd.
case_036;They analyze market data 24/7, identifying opportunities that human traders miss.;They analyze market data 24/7.
case_036;Belize;Belize
case_036;€2,500.00;€2,500
case_036;The platform appears to be operating from an offshore jurisdiction.;Potential investment fraud - platform appears to be operating from an offshore jurisdiction.
case_036;€500.00 and €750.00;500.00, 750.00
case_036;High;High
case_036;A rapidly increasing line representing simulated profits.;Unlock Your Financial Future with AI
case_036;He expressed extreme concern regarding a denied withdrawal request and his inability to fully access his account.;None
case_036;Guaranteed Returns (Subject to Market Conditions);High-Profit Potential
case_036;Suspicious activity report filed by client regarding denied withdrawal request and potential fraud.;Suspicious activity report filed by client regarding denied withdrawal request and potential fraud.
case_037;A proprietary AI trading algorithm.;a proprietary AI trading algorithm
case_037;Investment;Investment
case_037;Germany;Germany
case_037;+478.3%;+478.3%
case_037;Attempted withdrawal blocked by Innovative AIX and customer reports of difficulty accessing funds.;Pattern of transfers to offshore entity with inconsistent communication and blocked withdrawal attempt.
case_037;Suite 180, 1st Floor, Nemea Building, 6 Isocrates Street, 2360 Strovolos, Cyprus;None
case_037;Deutsche Bank AG;Innovative AIX
case_037;To experience profits they never thought possible.;Exceptional returns
case_037;August 20, 2023;None
case_037;Inconsistent communication and difficulties accessing funds, alongside limited transparency.;Company’s communication is evasive and unresponsive.
case_038;5000 EUR;None
case_038;Automated Trading;Automated Trading
case_038;Telegram;Telegram
case_038;To welcome him to the AI Trading Solutions community and provide initial guidance.;None
case_038;Unusual investment amount for customer profile;Unusual investment amount for customer profile
case_038;5000 EUR;None
case_038;Bank transfer;Bank transfer.
case_038;15000 EUR;None
case_038;Exponential growth;High-profit potential
case_038;10000 EUR;10000
case_039;100 EUR in trading credits;100 EUR
case_039;Transfer to NovaTrade AI;Transfer to NovaTrade AI
case_039;-5000.00;None
case_039;Maximize your returns with our advanced algorithms and No trading experience required;AI-Powered Trading and Beginner-Friendly
case_039;Ongoing system maintenance and security verification protocols;Ongoing system maintenance and security verification protocols
case_039;Withdrawal Request Denied - NovaTrade AI;Unable to withdraw funds - potential fraud
case_039;Reply to the email with a screenshot of his ID and a recent utility bill;reply to this email with a screenshot of your ID and a recent utility bill
case_039;Permanent account closure;permanent account closure
case_039;2,500 EUR;None
case_039;It has completely transformed my investment strategy!;She states that NovaTrade AI has completely transformed her investment strategy and that she’s seen returns she never thought possible.
case_040;Aix Capital utilizes revolutionary AI algorithms to predict market movements.;Aix Capital utilizes revolutionary AI algorithms to predict market movements with unmatched precision.
case_040;€5,000;€5,000
case_040;Our team is working diligently to resolve the issue.;Processing delay
case_040;€16,000;€16,000
case_040;Ulrich Baumann and Aix Capital Limited;None
case_040;2023-11-29;2023-11-29
case_040;Athena is already working its magic – early adopters are seeing incredible results!;early adopters are seeing incredible results
case_040;A FREE consultation with our AI investment specialist!;A link to an introductory video.
case_040;Large unusual deposit;Potential investment fraud - large unusual deposit
case_040;Investment in AI Trading Platform;Investment in AI Trading Platform
case_041;€5,000;€5,000
case_041;Deutsche Bank AG;Deutsche Bank AG
case_041;Athena;Athena
case_041;Belize;Belize
case_041;Potential investment fraud scheme;Potential investment fraud scheme.
case_041;€13,000;€13,000
case_041;€3,000 + €2,000;€2,000
case_041;Deposit another €2,000;Adding another €2,000 to your account.
case_041;Attempted withdrawal denied. Customer expresses concerns about investment.;Wire Transfer
case_041;Proven Results: See exponential growth with minimal risk;Easy to Use
case_042;18%;18%
case_042;Belize;Belize
case_042;Transfer to Quantum AI;Initial investment to Quantum AI Trading platform
case_042;Artificial intelligence;Artificial intelligence
case_042;EUR 15,000;None
case_042;Quantum AI Trading LLC;Quantum AI Trading LLC
case_042;Modern and sophisticated;Modern and sophisticated
case_042;Utilizes cutting-edge artificial intelligence algorithms to identify and capitalize on market opportunities;It utilizes cutting-edge artificial intelligence algorithms to identify and capitalize on market opportunities.
case_042;Unusual large transfer to an offshore company claiming AI trading services. Account holder's investment profile doesn't align with such high-risk activities;Unusual large transfer to an offshore company claiming AI trading services.
case_042;To learn more and schedule a personalized consultation;To learn more and schedule a personalized consultation
case_043;Unlock unprecedented returns with cutting-edge artificial intelligence algorithms.;A revolutionary approach to wealth creation using cutting-edge artificial intelligence algorithms.
case_043;Last Chance: Claim Your Quantum AI Trading Bonus;None
case_043;€15,000;€15,000
case_043;High;None
case_043;Belize;Belize
case_043;2023-08-10 and 2023-08-25;2023-08-10, 2023-08-25
case_043;Investment Deposit - Quantum AI Trading;None
case_043;AI Confidence: 98%;Daily Profit: €3,250
case_043;Customer expressing concerns about account access and unusual account activity.;Customer inquiry regarding inability to access funds and unusual account activity.
case_043;The returns are incredible!;I’ve never seen returns like this before!
case_044;Recovering digital assets from fraudulent schemes.;recovering digital assets from fraudulent schemes
case_044;Transfer to Crypto Recovery Service;Transfer to Crypto Recovery Service
case_044;GB67NWBK40302182397052;DE12345678901234567890
case_044;A proven track record of recovering digital assets from fraudulent schemes.;100% Confidential and Secure.
case_044;Screenshots of the transaction and any communication with the scammer.;He requested that the user describe the situation.
case_044;To facilitate the process of recovering the lost Bitcoin.;Additional Transfer to Crypto Recovery Service
case_044;GUARANTEED Satisfaction or Your Money Back (terms and conditions apply - highly unlikely you'll get a refund).;GUARANTEED Satisfaction or Your Money Back
case_044;2024-03-10;2024-03-10
case_044;Testimonials from alleged satisfied clients.;A clean and professional design with a dark blue and white color scheme, testimonials from alleged satisfied clients, and a supposed team of experienced crypto recovery specialists.
case_044;5,000 EUR;5,000 EUR
case_045;Delivering exceptional returns.;Delivering exceptional returns
case_045;5000.00;$5,000.00
case_045;To create a sense of trust and high performance.;A modern and visually appealing design
case_045;Scheduled system maintenance.;Scheduled system maintenance
case_045;NovaTrade AI;NovaTrade AI
case_045;10000.00;None
case_045;An email regarding an account access issue and a rejected withdrawal request.;None
case_045;A withdrawal attempt failed, citing technical issues, and the victim reported inability to access funds.;Withdrawal Attempt
case_045;$5,000.00;$5,000.00
case_045;Our AI analyzes markets 24/7;24/7 Monitoring
case_046;15000.00 EUR;15000.00
case_046;Scheduled system maintenance;System maintenance
case_046;Initial deposit to AI Trading Elite platform.;None
case_046;Deposit;Deposit
case_046;DE12345678901234567890;None
case_046;AI Trading Elite;AI Trading Elite
case_046;7500.00 EUR, it was denied due to system maintenance;7500.00 EUR, the withdrawal was denied due to system maintenance.
case_046;Fabricated profit reports;"Reported fraud activity; customer received fabricated profit reports."
case_046;Deutsche Bank;Deutsche Bank
case_046;24/7 Automated Trading, High-Profit Potential, Easy-to-Use Platform, No Prior Experience Required, a FREE Demo Account.;Highlighting 24/7 automated trading, high-profit potential, an easy-to-use platform, and no prior experience needed.
case_047;AI-powered investment strategies.;AI-powered investment strategies
case_047;Risk-Free Returns;Risk-Free Returns
case_047;United Arab Emirates;None
case_047;Potential investment scheme involving AI trading. Customer appears to be new to this type of investment.;Potential investment scheme involving AI trading. Customer appears to be new to this type of investment.
case_047;Wire transfer to Innovative AIX - potential investment;Wire transfer to Innovative AIX - potential investment
case_047;Customer attempting to withdraw funds, but transaction failed.;Customer attempting to withdraw funds, but transaction failed. Possible indicator of fraudulent activity or difficulty accessing funds.
case_047;Unusual activity on his account to ensure the security of investments.;Unusual activity on his account
case_047;4000.00;None
case_047;Customer reports fraudulent activity and loss of funds.;Customer reports fraudulent activity and loss of funds.
case_047;To showcase and promote Innovative AIX’s AI investing platform.;To unlock the power of AI investing.
case_048;€50,000;50000
case_048;150-pip move;150-pip move
case_048;Debit;Debit
case_048;Global Traders Rejection Fee;Global Traders Rejection Fee
case_048;Double your deposit;Double your deposit
case_048;Expert Guidance, Cutting-Edge Platform, High-Profit Potential;Expert Guidance, Cutting-Edge Platform, High-Profit Potential
case_048;Question about initial deposit;Question about initial deposit
case_048;Client complaint regarding fraudulent activity;Client filed a complaint alleging fraudulent investment scheme. Further investigation warranted.
case_048;Initial investment - Forex trading;Initial investment - Forex trading
case_048;Financial freedom;Dreaming of financial freedom
case_049;$5,000 CAD;$5,000 CAD
case_049;Potential investment fraud scheme;None
case_049;ZENO NG LA;ZENO NG LA
case_049;Nigeria;Nigeria
case_049;Our AI is 10x better than human traders!;Our AI is 10x better than human traders!
case_049;A large withdrawal request was blocked by the platform, and the customer reported difficulty withdrawing funds.;Large withdrawal request blocked by platform. Customer reporting difficulty withdrawing funds. Potential investment fraud scheme.
case_049;Apex Global Investments Ltd.;Zenith Bank, Apex Global Investments Ltd.
case_049;Credit;None
case_049;Apex Global Investments Ltd.;None
case_049;Stop Trading, Start Winning;See profits soar as our AI does the work for you!
case_050;Artificial intelligence algorithms that analyze market trends.;AI algorithms analyze market trends
case_050;An exclusive introductory bonus.;None
case_050;Additional investment in AI Trading Platform;Additional investment in AI Trading Platform
case_050;Customer exhibits signs of potential pressure.;Increased investment amount compared to previous transaction. Customer exhibits signs of potential pressure.
case_050;Global Investment Solutions Ltd;Global Investment Solutions Ltd
case_050;www.ai-trading-pro.net;www.ai-trading-pro.net
case_050;Lucrative trading opportunities that you won't find anywhere else.;lucrative trading opportunities
case_050;A mandatory contribution of EUR 2,000.;A payment of EUR 2,000 is required.
case_050;Withdrawal Request - Denied;Withdrawal Request - Denied
case_050;A logo displaying a stylized circuit board, rapidly increasing line graphs, testimonials, and a button that reads 'Start Trading Now'.;A stylized circuit board logo and the words 'AI-Trading-Pro,' charts displaying rapidly increasing line graphs, and a button reading 'Start Trading Now.'
case_051;€5,000;€5,000
case_051;Cyprus;None
case_051;To process the withdrawal request and ensure prompt receipt of profits.;To process your withdrawal request.
case_051;€10,000;€200
case_051;High;High
case_051;Zenith Bank, Account Number: 4567890123;Zenith Bank
case_051;€17,430;€17,430
case_051;Both SAR reports indicate transfers to AI Profit Solutions in Cyprus, with the second transfer being associated with a 'High' risk level, particularly due to the pressure from an account manager.;Transfers to Cyprus are associated with moderate to high risk levels.
case_051;Guaranteed Profits (See Disclaimer);Dedicated Account Management
case_051;To resolve a technical glitch and ensure the transaction goes through smoothly, allegedly unlocking his profits.;A minor technical glitch
case_052;5000.00 EUR;None
case_052;A further investment of €3000;A further investment of €3000
case_052;Nigeria;Nigeria
case_052;Automated wealth generation with minimal effort;Automated wealth generation
case_052;To ensure the safety of your funds;To ensure the safety of your funds.
case_052;Hans Schmidt and AlphaGenesis Global;Hans Schmidt, AlphaGenesis Global, Sparkasse Nürnberg
case_052;Unusual Destination Country - Nigeria;Unusual Destination Country - Nigeria
case_052;Additional Investment - AI Trading;None
case_052;“I’ve never seen profits like this!” - J. Miller, London;"""I’ve never seen profits like this!"" - J. Miller, London."
case_052;A steep upward trajectory;A steep upward trajectory.
case_053;5000 EUR;None
case_053;Effortless Income;Consistent profits in the financial markets
case_053;A processing fee;A processing fee.
case_053;MU07DTMB08030100000001;MU07DTMB08030100000001
case_053;Potential investment fraud;None
case_053;Increased investment amount, potentially under duress or influenced by fabricated profits.;Increased investment amount, potentially under duress or influenced by fabricated profits.
case_053;Credit and Debit;Debit and Credit
case_053;1968-03-10;1968-03-10
case_053;Steep upward trend labeled 'Monthly Profit Growth';Monthly Profit Growth
case_053;Investment;None
case_054;Not mentioned in the case files;None
case_054;Withdrawal Request;Withdrawal Request
case_054;GFG12345;GFG12345
case_054;30500.00;None
case_054;EUR/USD, GBP/USD, USD/JPY;GBP/USD, USD/JPY
case_054;To attract new members and promote Forex trading opportunities.;To offer unparalleled opportunities for Forex trading.
case_054;€13,975.00;€13,975.00
case_054;Significant deposit received from Klaus Meier following initial small deposit.;Significant deposit received from Klaus Meier following initial small deposit. Further investigation warranted.
case_054;Double their initial deposit.;Double Your Initial Deposit!
case_054;Communication attempts unsuccessful.;Communication attempts unsuccessful.
case_055;To provide an unparalleled trading experience utilizing advancements in artificial intelligence.;To provide an unparalleled trading experience.
case_055;15% within 24 hours.;15%
case_055;Road Town, Tortola, British Virgin Islands;Road Town, Tortola, British Virgin Islands
case_055;20000;18000.00
case_055;Receiving large sums of money from multiple individuals with no apparent business relationship. Funds being transferred to Belize.;Receiving large sums of money from multiple individuals with no apparent business relationship. Funds being transferred to Belize.
case_055;I’m starting to worry.;I’m starting to worry.
case_055;2024-01-25;2024-01-25
case_055;A FREE consultation with AI Trading Specialists.;A complimentary consultation with one of their expert analysts.
case_055;None;None
case_056;€5,000;€5,000
case_056;Unsolicited contact, High-pressure sales tactics;Victim reports denial of withdrawal request and potential investment fraud.
case_056;He inquired about account setup and requested clarification.;Withdrawal Attempt
case_056;€3,000;None
case_056;Increased security measures to ensure the safety of funds.;To ensure the safety of your funds.
case_056;Initial Investment - AI Trading Pro;AI Trading Pro
case_056;2023-09-10 14:30 GMT+1;2023-09-10 14:30 GMT+1
case_056;€10,000, due to the withdrawal request being denied.;None
case_056;Exclusive Bonus: Get a free consultation with our expert trading advisors!;Get a free consultation with our expert trading advisors!
case_056;He expressed concern, suspicion of fraudulent activity, and a desire for his money back.;His withdrawal request has been denied, and he is now being asked for an additional verification fee. He suspects fraudulent activity and wants his money back.
case_057;Guaranteed returns;Consistent profits, regardless of market conditions.
case_057;$5,000;$5,000
case_057;$5,000;$5,000
case_057;Global Finance Solutions;Global Finance Solutions
case_057;Initial investment;Initial investment
case_057;$6,500;$6,500
case_057;$25,000;$25,000
case_057;Users aged 55-64 interested in investing and finance;Users aged 55-64 interested in investing and finance.
case_057;August 2023;None
case_057;He felt intimidated by investing before using Aionautica and now sees incredible results.;Positive
case_058;5000.00;$5000
case_058;Potential Investment Fraud;Potential Investment Fraud
case_058;Generates consistent profits;Consistent profits
case_058;Simulated profit payout;Simulated profit payout
case_058;5000;$5000
case_058;Romania;United States
case_058;Graphs showing steep upward trends labeled 'Profit Growth';"Graphs showing steep upward trends labeled ""Profit Growth."""
case_058;Attempted withdrawal denied;Attempted withdrawal denied
case_058;AlgoTrade Pro Team, David Miller;None
case_058;"""I've never seen profits like this before!"" - John S.
""AlgoTrade Pro is a game-changer!"" - Emily B.";None
case_059;Stop Trading, Start Winning with ProfitMatrix!;Stop Trading, Start Winning with ProfitMatrix!
case_059;"Possible investment fraud; initial investment with limited information available, and victim reports difficulty withdrawing funds; potential fraudulent investment scheme.";"Possible investment fraud; initial investment with limited information available. Victim reports difficulty withdrawing funds; potential fraudulent investment scheme."
case_059;5000.00;None
case_059;No Trading Experience Required, Automated Trading: Let our AI do the work, Real-Time Results: Watch your profits grow;Profitability
case_059;+12%;+12%
case_059;ai.trading.support@profitmatrix.net;ai.trading.support@profitmatrix.net
case_059;ProfitMatrix Ltd, Aiden;ProfitMatrix Ltd
case_059;The images appear to be generic stock photos;None
case_059;2023-12-05;2023-12-05
case_059;United Arab Emirates;United Arab Emirates
case_060;€5,000;€5,000
case_060;12%;12%
case_060;Funds Transfer;Account Restriction
case_060;Unusually large transaction for an individual with reported income, Recipient is a newly established company with limited public information;Unusually large transaction for an individual with reported income. Recipient is a newly established company with limited public information.
case_060;Ongoing system upgrades;Ongoing system upgrades
case_060;They have generic stock photos and vague biographies;None
case_060;NovaTech AI Ltd.;NovaTech AI Ltd.
case_060;Accessing his account;Do not attempt to access your account during this period.
case_060;-2000.00;-5000.00
case_060;Exclusive Bonus: Sign up now and receive a free personalized investment consultation!;A personalized investment consultation
case_061;"Unusual wire transfer to offshore account with limited transparency, Multiple attempts to withdraw funds resulting in rejection; possible unauthorized access, Multiple wire transfers to offshore account without apparent legitimate purpose.";Multiple wire transfers to offshore account without apparent legitimate purpose
case_061;Chronos;Chronos
case_061;Belize;Belize
case_061;Superior returns, Automated trading, 24/7 monitoring.;Superior Returns
case_061;Wire Transfer - Connect Innovations, -5000.00;Wire Transfer - Connect Innovations
case_061;Chronos and Connect Innovations;ChronosTrade
case_061;98%;98%
case_061;Attempted withdrawal, rejected;Attempted withdrawal – rejected
case_061;-6521.01;-6521.01
case_061;1972-01-15;1972-01-15
case_062;5000 EUR;5000 Euro
case_062;Profitable Renditen ohne Risiko! (Profitable returns without risk!);Easy to use – no experience needed!
case_062;Malta;Malta
case_062;ungewöhnlichen Transaktionen (unusual transactions);Unusual transactions
case_062;GlobalTech Investments Ltd.;GlobalTech Investments Ltd.
case_062;further verification;Further verification
case_062;+212-555-1212;+212-555-1212
case_062;increased security measures;Increased security measures
case_062;www.ai-trader.tech;www.ai-trader.tech
case_062;promises exorbitant returns with minimal investment;It promises exorbitant returns with minimal investment.
case_063;5000.00 EUR;None
case_063;No Experience Needed;No Experience Needed
case_063;Initial Investment - AI Trading System;Initial Investment - AI Trading System
case_063;€6,250;€6,250
case_063;An ongoing system verification process;An ongoing system verification process.
case_063;Hans Meier, AI Trading Elite Limited, DeutscheBank;AI Trading Elite Limited, Hans Meier
case_063;Withdrawal Attempt;Attempted Withdrawal - Rejected
case_063;Client received a payout purportedly representing profits generated by an automated trading system. The legitimacy of these profits requires further investigation. Consistent with prior suspicious activity.;Client received a payout purportedly representing profits generated by an automated trading system. The legitimacy of these profits requires further investigation. Consistent with prior suspicious activity.
case_063;YYYY-MM-DD;YYYY-MM-DD
case_063;High Profit Potential;Consistent profits, no experience needed, high profit potential, simple and secure platform, and a free consultation.
case_064;15-20%;20%
case_064;€5000;None
case_064;Transfer to AI Trading Platform;Withdrawal Request - Declined
case_064;A system upgrade;A system upgrade.
case_064;€500;€500
case_064;Nigeria;Nigeria
case_064;Guaranteed 20% monthly returns;High returns
case_064;An initial small transfer, followed by claims of profits and escalating requests for funds.;Escalating requests for funds.
case_064;€700.00;None
case_064;screenshot_trading_platform.txt;screenshot_trading_platform.txt
case_065;$5,000;$5,000
case_065;Personalized Trading Strategies;Personalized Trading Strategies
case_065;Belize;Belize
case_065;32%;32%
case_065;Multiple wire transfers to an offshore entity, SecureInvest LLC, in Belize, following unsolicited contact via Telegram claiming expertise in AI trading.;Multiple wire transfers to an offshore entity, SecureInvest LLC, in Belize, following unsolicited contact via Telegram claiming expertise in AI trading.
case_065;Wire Transfer to SecureInvest;Wire Transfer to SecureInvest
case_065;The withdrawal request was blocked;"The request was blocked by SecureInvest due to ""verification issues."""
case_065;Jane Doe, Compliance Officer;Jane Doe, Compliance Officer
case_065;secureinvest.bz;secureinvest.bz
case_065;None;Telegram
case_066;15-30%;15-30%
case_066;AI_Trading_Profits_Intro_Guide.pdf;None
case_066;$5,000;$5,000
case_066;"Bank Name: Horizon Bank; Account Name: Global Investments LTD; Account Number: 2345678901; SWIFT Code: HORIBANK";Global Investments LTD
case_066;Funds transferred to an overseas entity with limited public information. Recipient matches a known entity associated with fraudulent investment schemes.;Funds transferred to an overseas entity with limited public information. Potential for investment fraud. Recipient matches a known entity associated with fraudulent investment schemes.
case_066;$10,500;-13000
case_066;Personalized investment advice from expert advisors, access to exclusive trading strategies, higher profit potential, and a dedicated support team.;Personalized investment advice from our expert advisors, access to exclusive trading strategies, higher profit potential, and a dedicated support team.
case_066;Exclusivity, sophistication, and effortless wealth generation.;Exclusivity, sophistication, and effortless wealth generation.
case_066;Reports from a concerned individual indicate potential scam.;Reports from concerned individual indicate potential scam.
case_066;Double their initial investment;Double their initial investment with an exclusive bonus program.
case_067;Expert guidance and proven strategies to increase income and achieve financial goals.;Exciting Forex Trading Opportunities with Global Forex Solutions
case_067;More details and examples of successful trades related to their VIP program.;More details and examples of successful trades
case_067;Unusual Transaction involving large cash deposits followed by rapid transfers to overseas accounts.;Unusual Transaction, large cash deposits followed by rapid transfers to overseas accounts.
case_067;EUR;EUR
case_067;Customer reporting difficulties in withdrawing funds from their account.;Customer reporting difficulties in withdrawing funds from account.
case_067;Nigeria;Nigeria
case_067;Financial Freedom - earning passive income while you sleep.;Earning passive income
case_067;Transfer of 0.5 BTC to the wallet address: 1BKzJq432WkGzS9q1Q23P6Y738497k77A.;Transfer 0.5 BTC to the wallet address: 1BKzJq432WkGzS9q1Q23P6Y738497k77A
case_067;United Arab Emirates;United Arab Emirates
case_067;Limited spots available in an exclusive Forex VIP program.;Forex VIP Program
case_068;He aimed to create an impression of being a Senior AI Strategist at a rapidly growing firm specializing in automated trading.;He aimed to create an impression of being impressed by Marc Schneider's experience in finance.
case_068;Consistently outperform traditional investment methods.;It identifies market opportunities others miss.
case_068;A copy of his passport and a recent utility bill.;A copy of his passport and a recent utility bill.
case_068;The withdrawal attempt was rejected.;Blocked withdrawal request
case_068;Large transfer to an offshore company with limited online presence.;Client reported difficulties in withdrawing funds after recent deposits.
case_068;CY8800200001000000000012345;None
case_068;AI-Powered Investing;AI-Powered Investing
case_068;The request for passport and utility bill copies, coupled with difficulties withdrawing funds.;Client claims inability to withdraw funds and suspects fraudulent activity.
case_068;Client reported difficulties in withdrawing funds after recent deposits.;Client reported difficulties in withdrawing funds after recent deposits.
case_068;30000.00;15000 EUR
case_069;50000 AUD;50000
case_069;Double your investment with our exclusive AI Boost package;Double your investment
case_069;Please withdraw it [the initial profit] to confirm everything is working.;Please withdraw it to confirm everything is working.
case_069;55000 AUD;$55,000 AUD
case_069;A copy of his passport;A copy of his passport.
case_069;1000 AUD;None
case_069;Zenith Bank Nigeria;Zenith Bank Nigeria
case_069;Initial profit withdrawal shortly after account creation, potentially indicative of a 'honeypot' scheme.;potentially indicative of a 'honeypot' scheme
case_069;Important Update Regarding Your AI Trading Pro Account;Important Update Regarding Your AI Trading Pro Account
case_069;To generate consistent profits, even while you sleep!;To supercharge profits and experience the full power of AI trading algorithms.
case_070;€5000 in ETH.;€5000 in ETH
case_070;Exclusive access and the potential for exponential growth.;Investment opportunities
case_070;Making a second investment of €10,000.;Direct investment
case_070;There's been a temporary technical glitch.;There’s been a temporary technical glitch.
case_070;Linked to a potential investment fraud scheme. The victim has filed a complaint with local authorities.;None
case_070;It's associated with potential fraudulent activity.;Destination account associated with potential fraudulent activity.
case_070;Legal action.;legal action
case_070;Credit card payments and a salary.;Credit Card Payment, Salary, Online Shopping, ATM Withdrawal
case_070;Exclusive, innovative, and poised for significant value increase – targeting elite investors seeking a future-oriented investment.;Exclusive, high-value investment opportunity with exponential growth potential.
case_070;"2023-11-12, €5000; 2023-12-16, €10000.";"2023-12-16, 10000 EUR; 2023-11-12, 5000 EUR"
case_071;Automated Trading – No experience needed!;Automated Trading
case_071;Cryptocurrency Purchase;Cryptocurrency Purchase
case_071;10000.00;10000.00
case_071;It's proprietary, David. We can't disclose all the details, but trust me, it's top-of-the-line.;It's proprietary, David. We can't disclose all the details, but trust me, it's top-of-the-line.
case_071;There appears to be a temporary security issue. We're working on it.;There is an unusual activity on your account.
case_071;$35,780.00;$35,780.00
case_071;Withdrawal request denied due to account restrictions.;Withdrawal request denied due to account restrictions.
case_071;Approximately one month;Approximately one month.
case_071;David funded his account, made cryptocurrency purchases, and added more funds.;David requested a withdrawal of $5,000 CAD.
case_071;Quantum AI Investments;Quantum AI Investments
case_072;To use proprietary artificial intelligence to identify and capitalize on trading opportunities 24/7.;To identify and capitalize on trading opportunities 24/7.
case_072;Analyze market trends and execute trades with unparalleled precision, generating substantial returns for investors.;AI Trading Solutions claims to analyze market trends and execute trades with unparalleled precision, generating substantial returns for investors.
case_072;EUR 500;EUR 500
case_072;Seychelles;Seychelles
case_072;EUR 15000;None
case_072;To stop trading and start investing.;To identify and capitalize on trading opportunities 24/7.
case_072;Sophisticated risk management tools to protect your capital.;Risk Management
case_072;There's a temporary technical issue.;There's a temporary technical issue. Please wait 24-48 hours.
case_072;Klaus Hartmann, AI Trading Solutions, Deutsche Bank.;Klaus Hartmann, AI Trading Solutions, Deutsche Bank, Seychelles, Germany
case_072;Past performance is not indicative of future results.;None
case_073;The TraderAI_Bot greeted Mark Peterson and offered to leverage artificial intelligence to maximize returns, inviting him to join an exclusive community and providing a link for a demo.;Hello Mark Peterson! 👋 Welcome to TraderAI! We leverage cutting-edge artificial intelligence to maximize your returns. Interested in learning more?
case_073;Multiple cryptocurrency transactions to offshore accounts potentially linked to investment fraud.;None
case_073;Belizean Investments Ltd. received $10,000 USD, and St. Vincent Trading Group received $5,000 USD.;$10000 and $5000
case_073;A FREE demo and personalized onboarding session.;A 50% increase in your AI-powered trading profits for the next 7 days
case_073;Reply with 'CONFIRM'.;CONFIRM
case_073;Belizean Investments Ltd. received a transaction of $3000 USD.;None
case_073;A pop-up window displays a message: 'Daily Profit +12.5%'.;Daily Profit +12.5%
case_073;TraderAI Team;None
case_073;Large cryptocurrency withdrawals.;Large cryptocurrency withdrawals
case_073;To ensure the security of funds due to unusual activity detected on Mark Peterson’s account.;Unusual activity on your TraderAI account
case_074;5000.00;None
case_074;Automated Trading;Unprecedented Accuracy
case_074;Cyprus;Cyprus
case_074;Potential Investment Fraud - Unsolicited Contact;Potential Investment Fraud - Unsolicited Contact
case_074;He expressed interest in learning more.;None
case_074;The balance was 5500.00;-4590.00
case_074;To encourage David Miller to deposit more funds.;To recommend adding more funds to the account.
case_074;Withdrawal Issue;None
case_074;AI eliminates emotional decision-making;AI eliminates emotional decision-making.
case_074;20000.00;20000.00
case_075;€5,000;€5,000
case_075;✅ Automated Trading;Automated Trading
case_075;Due to unforeseen circumstances and ongoing system upgrades.;Due to unforeseen circumstances and ongoing system upgrades
case_075;2024-03-01;2024-03-01
case_075;€3,000;€3,000
case_075;€10.00 (Service Fee), €2.50 (Interest), €2000.00 (Innovative AI Investments Deposit);3000
case_075;Deutsche Bank;Deutsche Bank
case_075;likely fabricated;None
case_075;More detail on the AI's current strategy.;the AI's current strategy
case_075;Initial investment from an unknown wallet, denial of withdrawal requests, a customer complaint alleging investment fraud, and a website with potentially fabricated testimonials.;Withdrawal Request Denial
case_076;€8,000;€8,000
case_076;Potential Investment Fraud - Unsolicited Contact;Potential Investment Fraud - Unsolicited Contact
case_076;November 18, 2023;2023-09-01
case_076;Verification Fee;Investment
case_076;A sleek, modern design with a predominantly blue and white color scheme, stock images of smiling individuals, and a dynamically updating graph.;A sleek, modern design with a predominantly blue and white color scheme.
case_076;Unexpected system maintenance;unexpected system maintenance
case_076;Unusual activity on his account;Unusual activity on his account.
case_076;Unsolicited communication;Initial Investment Confirmation
case_076;AI Trade Solutions;AI Trade Solutions
case_076;It generates consistent profits with zero risk.;It generates consistent profits with zero risk.
case_077;5000.00 CAD;None
case_077;Innovative AIX - Connecting with a Fellow Professional;Innovative AIX - Connecting with a Fellow Professional
case_077;Automated Trading;Automated trading
case_077;Increased market volatility and a commitment to protecting investments;Increased market volatility and a commitment to protecting investments.
case_077;BG12BNB37110123456789;BG12BNB37110123456789
case_077;Increased investment amounts following initial interaction, combined with the victim's concerns regarding withdrawal denial.;Increased investment amounts following initial interaction.
case_077;Tuesday;Tuesday
case_077;Experience returns far exceeding traditional investment methods.;Experience returns far exceeding traditional investment methods.
case_077;High;High
case_077;10000.00 CAD;10000.00
case_078;A 20% return on his first deposit.;20% return on your first deposit
case_078;€2,000 or more.;€2,000 or more
case_078;1000;1000
case_078;Unusual transaction amounts and recipient, denial of withdrawal requests, and a general recommendation for further investigation.;Potential Investment Fraud - AI Trading Scam
case_078;€2,500;€2,500
case_078;2023-09-01 11:12:00 UTC;2023-09-01 11:12:00 UTC
case_078;Automated trading, 24/7 performance, and risk management.;Automated trading
case_078;Verify his identity by clicking on a link (to a phishing site).;None
case_078;BTC, ETH, LTC;BTC, ETH, LTC
case_078;2023-11-12;2023-11-12
case_079;Initial investment to AI Trading Platform;Further investment to AI Trading Platform
case_079;A free consultation with one of our financial advisors;a free consultation with one of our financial advisors
case_079;Unusual transfer destination (Nigeria);Multiple unusual transactions to a foreign bank, Lack of transparency regarding platform operations, Unusual transfer destination (Nigeria), Large initial investment by a potentially vulnerable individual
case_079;2500.00 EUR;None
case_079;BTC: 0.523 BTC, EUR: 1,480.00;BTC and EUR
case_079;Attempted withdrawal denied by platform;AI Trading Pro Withdrawal Attempt
case_079;Klaus Weber, Hamburg;"""The AI is incredibly accurate, and the profits speak for themselves!"" - Klaus Weber, Hamburg"
case_079;SecurePay Account Verification;SecurePay Account Verification
case_079;Account Balance: €7,850.00, Profit this Month: €2,350.00;"Account Balance: €7,850.00
Profit this Month: €2,350.00"
case_079;1500.00 EUR;None
case_080;Athena;Athena
case_080;$5,750.00;$5,750.00
case_080;Belize;Belize
case_080;AI-Trade Solutions: Your Gateway to Automated Wealth;AI-Trade Solutions
case_080;AI Confidence: 98%;AI Confidence: 98%
case_080;To request a withdrawal of $5,000.00;To request a withdrawal of $5,000.00 from his account.
case_080;Jane Doe;Jane Doe
case_080;$15,000.00;None
case_080;"Unusual Investment – High-yield promise, limited information about company; Continued investment despite limited information";Unusual Investment – High-yield promise, limited information about company.
case_080;To state that past performance is not indicative of future results.;None
case_081;Up to 30% per month;Up to 30% Monthly Returns
case_081;15000.00 AUD;None
case_081;Withdrawal Issue;Withdrawal Issue
case_081;Deposit another $30,000;Deposit another $30,000.
case_081;Potential investment fraud, unusual activity pattern;Potential investment fraud, unusual activity pattern
case_081;Australian Securities and Investments Commission;Australian Securities and Investments Commission
case_081;RH12345;RH12345
case_081;AI Algorithm Achieves Record Profits!;AI Algorithm Achieves Record Profits!
case_081;45000.00 AUD;None
case_081;AI-powered technology;AI technology
case_082;€5000;€5000
case_082;2023-12-05;2023-12-05
case_082;GB21NWBK00000000001234;GB21NWBK00000000001234
case_082;Doubling their initial investments in as little as three weeks;Doubling their initial investments in as little as three weeks
case_082;To expedite the withdrawal process and ensure the security of funds;To ensure the security of your funds.
case_082;Zenith Bank;Zenith Bank
case_082;United Kingdom;United Kingdom
case_082;Multiple transfers to CryptoTrade Solutions, followed by a request for an administrative fee.;Recurring transfers to the same recipient.
case_082;2024-02-15;2024-02-15
case_082;A free consultation with an expert AI trading advisor;A free consultation with one of our expert AI trading advisors.
case_083;Head of Investor Relations;Head of Investor Relations
case_083;$5,000;$5,000
case_083;OCBCCYCY;OCBCCYCY
case_083;To protect the investment due to increased market volatility and to recalibrate AI models;None
case_083;Transparent Technology;Transparent Technology
case_083;It includes contact information and legal disclaimers, seemingly generic.;The footer includes contact information and legal disclaimers, seemingly generic.
case_083;Innovative AIX denied the request without a clear explanation;Innovative AIX
case_083;Lack of transparency regarding investment strategy, offshore bank involvement, and restrictions on withdrawals.;Limited availability
case_083;Innovative AIX;Innovative AIX
case_083;A formal complaint with regulatory agencies;Complaint
case_084;Maximize profits with consistent returns.;Maximize Profits
case_084;NM12345;NM12345
case_084;EUR;EUR
case_084;Click here to secure your spot now.;Click here to secure your spot now
case_084;Belize;Belize
case_084;€2,542.37;€2,542.37
case_084;Initial deposit to AI trading platform;Initial deposit to AI trading platform
case_084;NovaTech AI Platform, Deutsche Bank, Barclays;NovaTech AI Platform
case_084;€15,000;€15,000
case_084;Unusual transaction size for customer profile;Unusual transaction size for customer profile
case_085;Generate consistent profits, even in volatile market conditions.;None
case_085;€5000.00;5000.00
case_085;Marshall Islands;Marshall Islands
case_085;Exclusive access to trading signals and performance updates.;Exclusive access to trading signals and performance updates.
case_085;Possible Investment Fraud - Unsolicited contact, high-pressure sales tactics, promised unrealistic returns.;Possible Investment Fraud - Verification request after initial withdrawal request.
case_085;July 20, 2023;July 20, 2023
case_085;A copy of his passport and proof of address.;None
case_085;€250.00;€250
case_085;Artificial Intelligence;Artificial Intelligence
case_085;0100;0100
case_086;€5,000;€5,000
case_086;Potential investment fraud. Account appears to be related to an unregulated online trading platform.;Account appears to be related to an unregulated online trading platform.
case_086;Email;Email
case_086;Athena;Athena
case_086;€17,000;€17,000
case_086;€10,000;None
case_086;Scanned copy of passport or national ID card, recent bank statement, proof of address (utility bill or bank statement);Scanned copy of your passport or national ID card, recent bank statement, proof of address (utility bill or bank statement)
case_086;Deutsche Bank;Deutsche Bank
case_086;A FREE consultation with an expert financial advisor;Seeing the results of Athena's trading strategy.
case_086;2023-10-05;2023-10-05
case_087;1234567890;1234567890
case_087;Global Finance International;Forex Global Elite
case_087;A 100% bonus on the first deposit.;Get a 100% bonus on your first deposit!
case_087;$37,500.00 CAD;$37,500.00 CAD
case_087;100000.00;None
case_087;Global Finance International;Global Finance International
case_087;Forex Global Elite Deposit;Deposit from Crypto Exchange
case_087;Receiving large sums from a Canadian investor, minimal activity beyond deposits and transfers.;Receiving large sums from Canadian investor, minimal activity beyond deposits and transfers.
case_087;14:35 GMT+2;14:35 GMT+2
case_087;EUR/USD and GBP/JPY;EUR/USD and GBP/JPY
case_088;12345;12345
case_088;A new vendor 'Apex Trading Ltd' was added to the vendor list;New vendor 'Apex Trading Ltd' added to vendor list
case_088;Hong Kong;Hong Kong
case_088;Business Email Compromise (BEC) fraud;Suspected Business Email Compromise (BEC) fraud involving invoice manipulation and unauthorized payments.
case_088;0.00;0.00
case_088;Exclusive rates and personalized support;Opportunities for growth in emerging markets
case_088;187500.00;62500.00
case_088;Multiple SARs filed for similar transactions to Apex Trading Ltd. Further investigation required.;Multiple SARs filed for similar transactions to Apex Trading Ltd. Further investigation required.
case_088;It has a professional design, client testimonials, and contact information.;The website has a modern and professional design, with client testimonials and case studies, and a 'Contact Us' page.
case_088;$50000.00;$50000.00
case_089;Unusual transaction amount for customer profile. Requires further investigation.;Unusual transaction amount for customer profile.
case_089;Belize;Belize
case_089;12.5%;12.5%
case_089;7500.00;None
case_089;Withdrawal request denied by AI Prosper. Customer reported inability to access funds.;Withdrawal request denied by AI Prosper.
case_089;AI Prosper Investments Ltd;AI Prosper Investments Ltd
case_089;None;None
case_089;Multiple transfers to offshore accounts in Belize and Seychelles. Potential involvement of cryptocurrency transactions.;Customer reports being defrauded by AI Prosper Investments Ltd, inability to withdraw funds, multiple transfers to offshore accounts in Belize and Seychelles, and potential involvement of cryptocurrency transactions.
case_089;Passive Income;Passive Income
case_089;Global Bank Fraud Department, AI Prosper Investments Ltd;Global Bank Fraud Department
case_090;Unusually large initial transfer to a newly established online investment platform.;Unusually large initial transfer to a newly established online investment platform.
case_090;$20,000.00;20000.00
case_090;$20,000;$20,000
case_090;Regaining access to his account;Regaining access to his account
case_090;Unable to access my account;Unable to access my account
case_090;2023-04-01;2023-04-01
case_090;Modern, clean design with a dark blue and white color scheme. Prominent use of AI and robotics imagery.;Modern, clean design with a dark blue and white color scheme. Prominent use of AI and robotics imagery.
case_090;Mark Hamilton was unable to contact his account manager and experienced difficulties accessing the platform.;Mark Hamilton was unable to reach Alex.
case_090;97%;97% WIN RATE
case_090;Alex welcomed Mark, informed him of the $20,000 minimum deposit, confirmed the deposit receipt, and later mentioned exceptionally good bot performance before processing a withdrawal.;Mark greeted Alex and expressed excitement. Alex informed Mark of the $20,000 minimum deposit required to begin. Mark confirmed.
case_091;Generates consistent profits for investors.;The proprietary algorithms analyze market trends with unparalleled accuracy.
case_091;5000.00 EUR, Payment to Secure Investments;5000.00, Payment to Secure Investments
case_091;Access to our most profitable AI models;Priority withdrawal processing
case_091;Proof of identity (copy of passport or driver’s license), Proof of address (utility bill or bank statement), Detailed explanation of your investment history;Proof of identity, proof of address, and a detailed explanation of his investment history.
case_091;€5750.00;€5750.00
case_091;secureinvestments.co;secureinvestments.co
case_091;Fabricated profit statement, lack of transparency;Possible investment fraud - fabricated profit statement, lack of transparency
case_091;Suspicious activity on your account;Suspicious activity on your account
case_091;2500.00;2500.00
case_091;None;None
case_092;€5,000;€5,000
case_092;Automated Trading – No experience needed!;High-Profit Potential – Earn up to 15% weekly!
case_092;1%;1%
case_092;United Arab Emirates;Germany
case_092;AE1205000000000000012345;None
case_092;Mr. Adebayo;Mr. Adebayo
case_092;€7500.00;None
case_092;Withdrawal request repeatedly denied. Customer reports difficulties accessing funds.;Withdrawal request repeatedly denied.
case_092;Potential investment scam – unusually high returns promised, limited information available about the company.;None
case_092;+234-700-123-4567;+234-700-123-4567
case_093;1968-07-10;1968-07-10
case_093;AI-powered platform is revolutionizing the way people invest.;AI-powered platform is revolutionizing the way people invest.
case_093;SC05XXXXXXX;None
case_093;9000.00;None
case_093;Increasing your investment.;Increasing your investment.
case_093;Potential for High Returns;Potential for High Returns
case_093;Ongoing security updates;Ongoing security updates
case_093;Unusual activity on your account;Unusual activity
case_093;Live trading graph, showing rapid and seemingly consistent upward movement.;A live trading graph
case_093;Date of Birth;Klaus Hartmann's date of birth is 1968-07-10 and his name.
case_094;Unusual Transaction Pattern;Unusual Transaction Pattern
case_094;To earn passive income while focusing on other matters.;Consistently high returns with minimal risk.
case_094;Belize;Belize
case_094;20000;8000
case_094;A copy of his government-issued identification;A copy of his government-issued identification.
case_094;AI Profit Generator Active - Current Profit: +12.5%;AI Profit Generator Active - Current Profit: +12.5%
case_094;Suspected of operating an investment fraud scheme targeting individuals with promises of high returns through AI trading.;The entity is suspected of operating an investment fraud scheme targeting individuals with promises of high returns through AI trading.
case_094;David Miller, Global Investments Ltd;David Miller, Atlantic Bank, Global Investments Ltd
case_094;Georgia (UTC+4);Georgia (UTC+4)
case_094;A team of expert financial engineers;Cutting-edge artificial intelligence algorithms
case_095;To maximize investment returns.;To maximize your investment returns.
case_095;Initial Investment;Initial Investment
case_095;2023-09-01;2023-09-01
case_095;"Withdrawal Attempt Denied; concerns raised about platform legitimacy.";Withdrawal Attempt Denied
case_095;Automated Trading;Automated Trading
case_095;Charts displaying upward trends;Charts displaying upward trends
case_095;Unusual activity on his account.;Unusual activity on his account.
case_095;€7,850;€7,850
case_095;AI Profit Solutions;AI Profit Solutions
case_095;Start building your financial empire;Start building your financial empire
case_096;10000 USD;None
case_096;It uses artificial intelligence to identify and capitalize on market opportunities 24/7;It uses cutting-edge artificial intelligence to identify and capitalize on market opportunities 24/7.
case_096;Unusual large transfer to an overseas entity with unclear business purpose;"Victim attempting to withdraw funds; transaction flagged as potentially fraudulent."
case_096;Simulated Results. Past performance is not indicative of future results.;Trading involves risk. Please consult with a financial advisor before making any investment decisions.
case_096;15-20% per month;15-20%
case_096;Further investigation warranted regarding the recipient's business operations and legitimacy.;Further investigation warranted regarding the recipient's business operations and legitimacy.
case_096;AE (United Arab Emirates);AE
case_096;To help you get started;To help him get started.
case_096;The timestamps are consistently 8-12 hours ahead of Australian Eastern Standard Time.;The timestamps are consistently 8-12 hours ahead of Australian Eastern Standard Time.
case_096;AI Trading Pro Ltd;AI Trading Pro Ltd
case_097;€5,000;€5,000
case_097;+1-555-123-4567;+1-555-123-4567
case_097;Belize;Belize
case_097;Benefit from 24/7 market access;Incredible returns
case_097;10%;10%
case_097;Unlock Your Forex Potential;Unlock Your Forex Potential
case_097;€25000;€5,000
case_097;€10,000;€10,000
case_097;Failed withdrawal request. Client reported inability to access funds. Potential fraud.;Failed withdrawal request. Client reported inability to access funds. Potential fraud.
case_097;Deutsche Bank;Deutsche Bank
case_098;Advanced artificial intelligence;Advanced artificial intelligence
case_098;He wanted to understand the withdrawal process better.;He wanted to understand the withdrawal process.
case_098;Belize;Belize
case_098;Investment in AI Trading Platform;Investment in AI Trading Platform
case_098;Investment in AI;Investment in AI
case_098;To unlock the withdrawal function;To unlock the withdrawal function.
case_098;A graph displaying an ascending 'AI Profit Curve,' buttons labeled 'Invest Now,' 'Auto-Trade,' and 'Withdraw (Locked),' and a banner reading 'Alpha AI: Generating Wealth, Automatically.';A large graph labeled 'AI Profit Curve,' buttons labeled 'Invest Now,' 'Auto-Trade,' and 'Withdraw (Locked),' a text box displaying 'Current Profit: €18,500.00,' a banner reading 'Alpha AI: Generating Wealth, Automatically,' and the platform's logo, a stylized brain with binary code.
case_098;Klaus Schmidt and Global Investments Ltd.;Klaus Schmidt, Global Investments Ltd.
case_098;Additional investment to unlock higher profits;Additional investment to unlock higher profits
case_098;Request for withdrawal denied by platform, customer unable to access funds.;Request for withdrawal denied by platform, customer unable to access funds.
case_099;€15,000;€15,000
case_099;South Africa;South Africa
case_099;International Money Transfer;International Money Transfer
case_099;AI trading algorithms;Automated wealth
case_099;Linked to initial investment;International Money Transfer
case_099;Global Processing Solutions;None
case_099;$54,789.32;$54,789.32
case_099;Trouble withdrawing his funds;He is having trouble withdrawing his funds.
case_099;Results not typical. See terms and conditions.;None
case_099;High;High
case_100;Tools, knowledge, and support to succeed in the Forex market.;tools, knowledge, and support
case_100;Earn up to 5% Daily!;Earn up to 5% Daily!
case_100;15000.00 EUR;5000.00
case_100;2023-11-18;2023-12-01
case_100;To increase his investment to a total of 20,000 EUR.;Withdrawal of funds
case_100;A fabricated account balance of 28,750 EUR with profitable trades.;The screenshot shows a fabricated account balance of 28,750 EUR with trade history including several profitable trades, registered under the name Hans Meier.
case_100;10%;10%
case_100;To report a 5000 EUR transfer from Hans Meier as a withdrawal fee.;None
case_100;Huge returns.;HUGE returns!
case_100;Belize;Belize
